Formula,Variance,Delta,Alpha,Power,User_n,Statsmodels_n,Difference,Rel_difference
Two Means (A/B),85.73871604504397,0.9480166710046624,0.09999999999999998,0.95,2065,2066.0,1.0,0.000484027105517909
Two Means (A/B),136.3402961234343,3.3013784649436557,0.010000000000000009,0.85,327,329.0,2.0,0.0060790273556231
Two Means (A/B),209.7483376243718,0.7872960431863244,0.09999999999999998,0.95,7325,7325.0,0.0,0.0
Two Means (A/B),80.4256536164967,8.02352942744138,0.010000000000000009,0.95,45,47.0,2.0,0.0425531914893617
Two Means (A/B),293.00536157202976,8.812782966858437,0.050000000000000044,0.9,80,81.0,1.0,0.012345679012345678
Two Means (A/B),289.8310039481009,3.3109041558422185,0.010000000000000009,0.85,690,692.0,2.0,0.002890173410404624
Two Means (A/B),351.26912983918555,9.94197967608956,0.050000000000000044,0.85,64,65.0,1.0,0.015384615384615385
Two Means (A/B),301.0025378165112,7.3334400513685365,0.050000000000000044,0.95,146,147.0,1.0,0.006802721088435374
Two Means (A/B),77.06405417035334,5.666738477191307,0.09999999999999998,0.8,30,31.0,1.0,0.03225806451612903
Two Means (A/B),335.7320205159649,7.572894417414393,0.010000000000000009,0.95,209,211.0,2.0,0.009478672985781991
Two Means (A/B),234.26503385234176,4.284622222622277,0.010000000000000009,0.95,455,457.0,2.0,0.00437636761487965
Two Means (A/B),50.55650589173425,3.078445772697225,0.010000000000000009,0.95,191,192.0,1.0,0.005208333333333333
Two Means (A/B),222.1368261098037,1.286307119974699,0.010000000000000009,0.95,4784,4785.0,1.0,0.0002089864158829676
Two Means (A/B),59.01186016662101,7.398084227571707,0.09999999999999998,0.8,14,15.0,1.0,0.06666666666666667
Two Means (A/B),352.2012996258668,1.0199985293559604,0.050000000000000044,0.85,6079,6080.0,1.0,0.0001644736842105263
Two Means (A/B),404.55589473151923,8.660393301132048,0.09999999999999998,0.95,117,118.0,1.0,0.00847457627118644
Two Means (A/B),278.0772943192172,1.6771098041279051,0.09999999999999998,0.85,1422,1423.0,1.0,0.0007027406886858749
Two Means (A/B),102.94206281310139,2.350837270951378,0.09999999999999998,0.85,268,269.0,1.0,0.0037174721189591076
Two Means (A/B),221.40928647994426,3.528585509031135,0.09999999999999998,0.8,220,221.0,1.0,0.004524886877828055
Two Means (A/B),279.3759110382642,8.270332471505679,0.050000000000000044,0.9,86,87.0,1.0,0.011494252873563218
Two Means (A/B),474.0741585960049,8.746032951066093,0.050000000000000044,0.9,131,132.0,1.0,0.007575757575757576
Two Means (A/B),403.8241805406925,5.78841508494589,0.09999999999999998,0.95,261,262.0,1.0,0.003816793893129771
Two Means (A/B),143.8297314608011,9.312892624974772,0.050000000000000044,0.85,30,31.0,1.0,0.03225806451612903
Two Means (A/B),417.85236882103624,3.868170605418143,0.050000000000000044,0.85,502,503.0,1.0,0.0019880715705765406
Two Means (A/B),374.63993029792925,1.4986526878275075,0.010000000000000009,0.95,5944,5945.0,1.0,0.0001682085786375105
Two Means (A/B),418.43075183342154,3.2930269806795103,0.010000000000000009,0.85,1007,1009.0,2.0,0.0019821605550049554
Two Means (A/B),119.20601735061399,2.3137829015134814,0.050000000000000044,0.95,579,580.0,1.0,0.0017241379310344827
Two Means (A/B),307.8686430188822,9.334034330714923,0.050000000000000044,0.8,56,57.0,1.0,0.017543859649122806
Two Means (A/B),265.7094980620333,3.205904142821551,0.010000000000000009,0.85,675,677.0,2.0,0.0029542097488921715
Two Means (A/B),112.63911107788843,8.99279011019779,0.050000000000000044,0.8,22,23.0,1.0,0.043478260869565216
Two Means (A/B),192.88915154453167,9.532695523252814,0.050000000000000044,0.8,34,35.0,1.0,0.02857142857142857
Two Means (A/B),349.8380986257679,1.3054429201402205,0.09999999999999998,0.85,2952,2953.0,1.0,0.0003386386725364037
Two Means (A/B),277.7483996810379,2.402258447817263,0.09999999999999998,0.95,1042,1043.0,1.0,0.0009587727708533077
Two Means (A/B),399.5256337122617,1.3081470160315107,0.09999999999999998,0.9,3999,4000.0,1.0,0.00025
Two Means (A/B),277.76383827810986,4.451165717465811,0.010000000000000009,0.85,366,368.0,2.0,0.005434782608695652
Two Means (A/B),50.149627754220234,0.2751093151712465,0.050000000000000044,0.95,17221,17222.0,1.0,5.806526535826269e-05
Two Means (A/B),214.15919861503826,3.9259623274755566,0.09999999999999998,0.9,238,239.0,1.0,0.0041841004184100415
Two Means (A/B),136.30210501633726,2.1963779715882357,0.050000000000000044,0.9,594,595.0,1.0,0.0016806722689075631
Two Means (A/B),389.41409495473835,6.233027738935118,0.010000000000000009,0.8,235,236.0,1.0,0.00423728813559322
Two Means (A/B),243.65172987901454,1.7895811096449843,0.09999999999999998,0.8,941,942.0,1.0,0.0010615711252653928
Two Means (A/B),402.2132183348672,2.7273353509631266,0.010000000000000009,0.95,1927,1929.0,2.0,0.0010368066355624676
Two Means (A/B),361.2281250061937,6.218711575443142,0.010000000000000009,0.95,333,335.0,2.0,0.005970149253731343
Two Means (A/B),416.2866212777085,6.190672438487008,0.09999999999999998,0.95,236,236.0,0.0,0.0
Two Means (A/B),345.07565265274536,8.495357263969074,0.050000000000000044,0.9,101,102.0,1.0,0.00980392156862745
Two Means (A/B),406.44213519224445,4.107504447943478,0.09999999999999998,0.9,413,414.0,1.0,0.0024154589371980675
Two Means (A/B),215.49170789478032,4.199884550036378,0.050000000000000044,0.9,257,258.0,1.0,0.003875968992248062
Two Means (A/B),380.1264712526309,7.716118447049264,0.050000000000000044,0.9,135,136.0,1.0,0.007352941176470588
Two Means (A/B),237.2692991808927,4.865307101189704,0.050000000000000044,0.85,180,181.0,1.0,0.0055248618784530384
Two Means (A/B),166.9159439352654,7.626869248909137,0.050000000000000044,0.95,75,76.0,1.0,0.013157894736842105
Two Means (A/B),290.88955915366626,2.2304985329706515,0.09999999999999998,0.85,841,842.0,1.0,0.0011876484560570072
Two Means (A/B),158.54065591979366,9.761150173609533,0.050000000000000044,0.8,27,28.0,1.0,0.03571428571428571
Two Means (A/B),481.80948994446504,4.929755034870988,0.010000000000000009,0.8,464,465.0,1.0,0.002150537634408602
Two Means (A/B),296.58177003816184,4.598335612143613,0.010000000000000009,0.8,328,330.0,2.0,0.006060606060606061
Two Means (A/B),269.7085116598002,1.5854817804704442,0.050000000000000044,0.95,2789,2790.0,1.0,0.00035842293906810036
Two Means (A/B),414.8086675938198,6.179404980728887,0.09999999999999998,0.85,157,157.0,0.0,0.0
Two Means (A/B),226.57717468781354,9.566599687424588,0.09999999999999998,0.8,31,32.0,1.0,0.03125
Two Means (A/B),95.96728834589214,6.621052247453691,0.09999999999999998,0.8,28,28.0,0.0,0.0
Two Means (A/B),413.99755773634763,0.8565269084367092,0.09999999999999998,0.85,8114,8115.0,1.0,0.00012322858903265557
Two Means (A/B),468.64349817702066,2.605278484727767,0.09999999999999998,0.95,1495,1496.0,1.0,0.0006684491978609625
Two Means (A/B),336.74066456372617,6.627603829837249,0.010000000000000009,0.85,201,202.0,1.0,0.0049504950495049506
Two Means (A/B),336.5013569752433,6.177942489124612,0.010000000000000009,0.95,315,316.0,1.0,0.0031645569620253164
Two Means (A/B),447.1067482052449,1.1463654510721135,0.09999999999999998,0.9,5828,5828.0,0.0,0.0
Two Means (A/B),356.102500643759,0.5125617159636042,0.09999999999999998,0.9,23216,23217.0,1.0,4.307188697936857e-05
Two Means (A/B),372.345524628207,0.8136349263868663,0.010000000000000009,0.95,20040,20041.0,1.0,4.9897709695124994e-05
Two Means (A/B),66.00689016599675,5.134934965531027,0.050000000000000044,0.9,53,54.0,1.0,0.018518518518518517
Two Means (A/B),183.44101157944485,3.562061974483911,0.010000000000000009,0.9,431,432.0,1.0,0.0023148148148148147
Two Means (A/B),347.6167749816865,1.9334361218879326,0.010000000000000009,0.85,2427,2429.0,2.0,0.0008233841086867024
Two Means (A/B),94.27804237102879,6.636996925043248,0.050000000000000044,0.85,39,40.0,1.0,0.025
Two Means (A/B),87.17794855667091,5.195110107077765,0.09999999999999998,0.9,56,57.0,1.0,0.017543859649122806
Two Means (A/B),402.1182160537721,2.355639933676789,0.09999999999999998,0.85,1042,1043.0,1.0,0.0009587727708533077
Two Means (A/B),350.3076791208928,0.20323422403429037,0.050000000000000044,0.95,220421,220422.0,1.0,4.5367522298137206e-06
Two Means (A/B),398.58520128700457,6.474652110057194,0.050000000000000044,0.9,200,201.0,1.0,0.004975124378109453
Two Means (A/B),68.87805054423632,9.6880388981844,0.09999999999999998,0.95,16,17.0,1.0,0.058823529411764705
Two Means (A/B),181.76991651543412,9.801706260652622,0.050000000000000044,0.8,30,31.0,1.0,0.03225806451612903
Two Means (A/B),312.0901961932609,7.5059244763523685,0.050000000000000044,0.9,117,118.0,1.0,0.00847457627118644
Two Means (A/B),69.68103164598627,1.1969988255800899,0.050000000000000044,0.9,1023,1023.0,0.0,0.0
Two Means (A/B),92.75526454653709,3.8223296104189832,0.050000000000000044,0.95,165,166.0,1.0,0.006024096385542169
Two Means (A/B),224.89375938343116,1.7204696345064847,0.050000000000000044,0.95,1975,1976.0,1.0,0.0005060728744939271
Two Means (A/B),104.67561933541313,2.0549578496133796,0.050000000000000044,0.8,390,391.0,1.0,0.0025575447570332483
Two Means (A/B),340.6148656948427,2.9304772134676855,0.050000000000000044,0.9,834,835.0,1.0,0.0011976047904191617
Two Means (A/B),445.6708969990272,2.658473040888999,0.010000000000000009,0.85,1646,1648.0,2.0,0.0012135922330097086
Two Means (A/B),336.2318436784213,2.2885273773919117,0.050000000000000044,0.95,1669,1670.0,1.0,0.0005988023952095808
Two Means (A/B),386.6863576905489,5.622350932559592,0.010000000000000009,0.95,436,438.0,2.0,0.0045662100456621
Two Means (A/B),74.23619314911176,3.2685923419577363,0.050000000000000044,0.9,147,147.0,0.0,0.0
Two Means (A/B),171.19908423591127,5.441606582905501,0.09999999999999998,0.85,84,84.0,0.0,0.0
Two Means (A/B),98.57467159090896,6.884450359547147,0.010000000000000009,0.85,55,56.0,1.0,0.017857142857142856
Two Means (A/B),146.08011483980235,5.107941660223108,0.09999999999999998,0.85,81,82.0,1.0,0.012195121951219513
Two Means (A/B),294.00674247133173,5.944442135541852,0.010000000000000009,0.9,248,250.0,2.0,0.008
Two Means (A/B),97.66882065132182,1.6005367787179685,0.050000000000000044,0.9,802,803.0,1.0,0.0012453300124533001
Two Means (A/B),309.7277524793975,8.783670570962899,0.09999999999999998,0.9,69,70.0,1.0,0.014285714285714285
Two Means (A/B),122.3816782809858,5.624619018974774,0.09999999999999998,0.95,84,85.0,1.0,0.011764705882352941
Two Means (A/B),376.9077718008522,9.918918518358698,0.010000000000000009,0.95,137,139.0,2.0,0.014388489208633094
Two Means (A/B),445.9174186738724,6.6098470965024285,0.09999999999999998,0.85,147,148.0,1.0,0.006756756756756757
Two Means (A/B),384.05662275762916,8.169672006355642,0.010000000000000009,0.9,172,173.0,1.0,0.005780346820809248
Two Means (A/B),359.5478494459618,3.8150730539823967,0.09999999999999998,0.95,535,536.0,1.0,0.0018656716417910447
Two Means (A/B),285.871626826773,8.495673132194643,0.050000000000000044,0.85,72,73.0,1.0,0.0136986301369863
Two Means (A/B),424.7062112061694,0.20921298119841136,0.09999999999999998,0.85,139518,139515.0,3.0,2.1502601814819592e-05
Two Means (A/B),391.4043755499522,6.815950346265905,0.010000000000000009,0.9,251,253.0,2.0,0.007905138339920948
Two Means (A/B),187.52189697059669,8.778842542099186,0.09999999999999998,0.85,35,36.0,1.0,0.027777777777777776
Two Means (A/B),215.73928872808176,4.5412452464499715,0.050000000000000044,0.95,272,273.0,1.0,0.003663003663003663
Two Means (A/B),147.74409396104474,1.4644467016764304,0.050000000000000044,0.8,1082,1083.0,1.0,0.0009233610341643582
Two Means (A/B),50.84594758620979,1.8658885846425655,0.050000000000000044,0.85,263,264.0,1.0,0.003787878787878788
Two Means (A/B),125.09830303469191,1.895060871262502,0.09999999999999998,0.95,754,755.0,1.0,0.0013245033112582781
Two Means (A/B),231.04720610895018,8.755198459041354,0.09999999999999998,0.85,44,45.0,1.0,0.022222222222222223
Two Means (A/B),375.53214452552885,1.1309598434108457,0.050000000000000044,0.9,6170,6171.0,1.0,0.00016204829039053638
Two Means (A/B),366.32454844040456,0.6227592086384282,0.050000000000000044,0.85,16962,16963.0,1.0,5.8951836349702294e-05
Two Means (A/B),412.2450498563464,2.771225129269322,0.010000000000000009,0.8,1254,1256.0,2.0,0.0015923566878980893
Two Means (A/B),336.42079297211933,1.57509738787751,0.09999999999999998,0.95,2936,2936.0,0.0,0.0
Two Means (A/B),403.2036397001604,7.106041253935066,0.010000000000000009,0.95,285,287.0,2.0,0.006968641114982578
Two Means (A/B),282.77107539872424,4.457970079759357,0.050000000000000044,0.9,300,300.0,0.0,0.0
Two Means (A/B),380.9775229193919,2.4349902315225025,0.010000000000000009,0.95,2290,2291.0,1.0,0.00043649061545176777
Two Means (A/B),78.1440021038158,8.033532466613238,0.010000000000000009,0.9,37,38.0,1.0,0.02631578947368421
Two Means (A/B),380.1271235190406,3.064490753869678,0.09999999999999998,0.8,501,502.0,1.0,0.00199203187250996
Two Means (A/B),336.8989690116034,5.012047202720873,0.010000000000000009,0.9,400,401.0,1.0,0.0024937655860349127
Two Means (A/B),358.6600719724387,9.912151675030907,0.010000000000000009,0.9,109,111.0,2.0,0.018018018018018018
Two Means (A/B),307.34252205223396,5.9189166725357625,0.09999999999999998,0.95,190,191.0,1.0,0.005235602094240838
Two Means (A/B),213.00594874352979,3.4116617585451285,0.09999999999999998,0.9,314,315.0,1.0,0.0031746031746031746
Two Means (A/B),60.88629375110986,8.333800732390158,0.09999999999999998,0.85,13,14.0,1.0,0.07142857142857142
Two Means (A/B),283.13544480746697,3.057383178528853,0.09999999999999998,0.9,519,520.0,1.0,0.0019230769230769232
Two Means (A/B),166.68354148959818,4.353602446115458,0.010000000000000009,0.8,206,208.0,2.0,0.009615384615384616
Two Means (A/B),428.8701050563139,1.9424040366781454,0.09999999999999998,0.8,1406,1407.0,1.0,0.0007107320540156361
Two Means (A/B),256.1840990320517,4.881391833645017,0.050000000000000044,0.85,194,195.0,1.0,0.005128205128205128
Two Means (A/B),86.2706811907061,7.306599139040276,0.050000000000000044,0.9,34,35.0,1.0,0.02857142857142857
Two Means (A/B),246.5828161768308,7.322131463658728,0.050000000000000044,0.8,73,74.0,1.0,0.013513513513513514
Two Means (A/B),121.5086754512091,6.141228979828649,0.09999999999999998,0.9,56,56.0,0.0,0.0
Two Means (A/B),465.18037613950537,4.773398298550283,0.09999999999999998,0.85,294,295.0,1.0,0.003389830508474576
Two Means (A/B),177.2355603104429,0.5414895928923192,0.050000000000000044,0.95,15710,15711.0,1.0,6.364967220418815e-05
Two Means (A/B),174.07393389299853,2.8285621529215597,0.050000000000000044,0.95,566,567.0,1.0,0.001763668430335097
Two Means (A/B),488.67559375150034,3.774950229510983,0.010000000000000009,0.85,895,897.0,2.0,0.002229654403567447
Two Means (A/B),430.15524632870967,2.7545762989455826,0.09999999999999998,0.8,701,702.0,1.0,0.0014245014245014246
Two Means (A/B),433.8903305316427,0.5603558057566485,0.050000000000000044,0.85,24814,24815.0,1.0,4.029820672980052e-05
Two Means (A/B),302.8967813600631,3.524612430266773,0.050000000000000044,0.8,383,384.0,1.0,0.0026041666666666665
Two Means (A/B),397.3359767817296,0.9556036465492103,0.010000000000000009,0.85,11356,11357.0,1.0,8.805142203046579e-05
Two Means (A/B),379.6019293271404,5.5283737788916,0.010000000000000009,0.95,443,445.0,2.0,0.0044943820224719105
Two Means (A/B),471.5701079148913,0.6173530049316354,0.050000000000000044,0.8,19424,19424.0,0.0,0.0
Two Means (A/B),272.51650908279186,9.797553319779393,0.09999999999999998,0.9,49,50.0,1.0,0.02
Two Means (A/B),376.3200773980017,1.9927879445014112,0.09999999999999998,0.9,1624,1624.0,0.0,0.0
Two Means (A/B),188.91443451793785,9.475656278613357,0.09999999999999998,0.8,27,27.0,0.0,0.0
Two Means (A/B),101.34310319957002,1.5973436044758522,0.010000000000000009,0.85,1037,1039.0,2.0,0.0019249278152069298
Two Means (A/B),89.97811028940397,6.869165645212721,0.09999999999999998,0.8,24,25.0,1.0,0.04
Two Means (A/B),491.2325699004977,2.3513540090276517,0.050000000000000044,0.9,1868,1869.0,1.0,0.0005350454788657035
Two Means (A/B),80.45076285500072,7.1075674625747105,0.09999999999999998,0.85,23,24.0,1.0,0.041666666666666664
Two Means (A/B),86.77640558605022,4.637176351133699,0.09999999999999998,0.85,59,59.0,0.0,0.0
Two Means (A/B),124.59854307347409,9.462411655302795,0.09999999999999998,0.85,21,21.0,0.0,0.0
Two Means (A/B),93.90312960768489,8.633670393202296,0.010000000000000009,0.8,30,32.0,2.0,0.0625
Two Means (A/B),387.1776707130994,2.9768168420829153,0.010000000000000009,0.95,1557,1559.0,2.0,0.0012828736369467607
Two Means (A/B),100.37116715968864,3.624136400569042,0.010000000000000009,0.95,273,274.0,1.0,0.0036496350364963502
Two Means (A/B),407.29537236560276,5.022833710115413,0.010000000000000009,0.8,378,379.0,1.0,0.002638522427440633
Two Means (A/B),124.11785904453315,3.369129142227826,0.050000000000000044,0.95,285,286.0,1.0,0.0034965034965034965
Two Means (A/B),283.7236367767718,2.128324614092054,0.09999999999999998,0.9,1073,1074.0,1.0,0.000931098696461825
Two Means (A/B),445.81183472818816,8.718726407955469,0.010000000000000009,0.8,137,139.0,2.0,0.014388489208633094
Two Means (A/B),253.05770488144464,9.851397595794664,0.050000000000000044,0.8,41,42.0,1.0,0.023809523809523808
Two Means (A/B),62.22533955150192,0.7455254534788713,0.050000000000000044,0.9,2353,2354.0,1.0,0.0004248088360237893
Two Means (A/B),459.1490926377021,5.433147799731871,0.010000000000000009,0.85,406,408.0,2.0,0.004901960784313725
Two Means (A/B),217.36970056258917,4.571798510393659,0.010000000000000009,0.85,272,274.0,2.0,0.0072992700729927005
Two Means (A/B),92.03358738888302,4.466614366682759,0.010000000000000009,0.95,165,167.0,2.0,0.011976047904191617
Two Means (A/B),134.02548309786866,1.0309574338992369,0.09999999999999998,0.95,2730,2730.0,0.0,0.0
Two Means (A/B),174.39876076252824,3.1922561086665846,0.09999999999999998,0.9,294,294.0,0.0,0.0
Two Means (A/B),138.1283656641135,8.979883511192991,0.050000000000000044,0.85,31,32.0,1.0,0.03125
Two Means (A/B),251.42132314409764,5.622419900099094,0.050000000000000044,0.9,168,169.0,1.0,0.005917159763313609
Two Means (A/B),326.06291238762935,3.6946972926767034,0.010000000000000009,0.85,624,626.0,2.0,0.003194888178913738
Two Means (A/B),125.98439300495876,5.1198059282678665,0.09999999999999998,0.9,83,84.0,1.0,0.011904761904761904
Two Means (A/B),132.90117765711176,8.950498129077918,0.010000000000000009,0.8,39,41.0,2.0,0.04878048780487805
Two Means (A/B),248.14553826575704,6.19145044819104,0.050000000000000044,0.9,137,138.0,1.0,0.007246376811594203
Two Means (A/B),447.0873657833024,8.055675000871199,0.050000000000000044,0.9,145,146.0,1.0,0.00684931506849315
Two Means (A/B),485.2069768666267,4.235833694823487,0.010000000000000009,0.8,632,634.0,2.0,0.0031545741324921135
Two Means (A/B),350.5639994616322,6.383245605214021,0.050000000000000044,0.85,155,156.0,1.0,0.00641025641025641
Two Means (A/B),242.3703595642768,1.7061107172465457,0.010000000000000009,0.8,1945,1947.0,2.0,0.001027221366204417
Two Means (A/B),301.89005763727215,5.321256259014496,0.09999999999999998,0.95,231,232.0,1.0,0.004310344827586207
Two Means (A/B),450.61612385801095,0.8861251879659923,0.09999999999999998,0.9,9830,9830.0,0.0,0.0
Two Means (A/B),134.335374843912,8.595952826255923,0.050000000000000044,0.85,33,34.0,1.0,0.029411764705882353
Two Means (A/B),99.83680039353115,7.619865860134855,0.09999999999999998,0.9,30,31.0,1.0,0.03225806451612903
Two Means (A/B),455.58320484859195,6.551512395193617,0.09999999999999998,0.8,132,132.0,0.0,0.0
Two Means (A/B),164.44489153024253,8.210625538227466,0.050000000000000044,0.85,44,45.0,1.0,0.022222222222222223
Two Means (A/B),159.95297335390975,1.2181377632706183,0.050000000000000044,0.85,1936,1937.0,1.0,0.0005162622612287042
Two Means (A/B),373.58485130923503,4.259175405692478,0.050000000000000044,0.8,324,325.0,1.0,0.003076923076923077
Two Means (A/B),382.85208532704365,1.9934781373544084,0.010000000000000009,0.8,2251,2252.0,1.0,0.0004440497335701599
Two Means (A/B),245.9774544791717,5.81477233460927,0.09999999999999998,0.8,90,91.0,1.0,0.01098901098901099
Two Means (A/B),412.78814645170587,8.45299953142657,0.010000000000000009,0.9,172,174.0,2.0,0.011494252873563218
Two Means (A/B),64.00201996281096,7.419017878131255,0.050000000000000044,0.85,21,22.0,1.0,0.045454545454545456
Two Means (A/B),191.71381487583545,0.13778962783103674,0.010000000000000009,0.9,300494,300496.0,2.0,6.655662637772217e-06
Two Means (A/B),125.20940516204956,6.587295855947416,0.09999999999999998,0.95,63,64.0,1.0,0.015625
Two Means (A/B),82.70189222450733,0.8630723183194609,0.010000000000000009,0.95,3956,3958.0,2.0,0.0005053057099545225
Two Means (A/B),439.87393141310395,2.2337457010341852,0.010000000000000009,0.9,2624,2626.0,2.0,0.0007616146230007616
Two Means (A/B),80.8274329821408,7.655237383463005,0.09999999999999998,0.85,20,21.0,1.0,0.047619047619047616
Two Means (A/B),391.6619298773793,9.045717659033272,0.09999999999999998,0.9,82,83.0,1.0,0.012048192771084338
Two Means (A/B),413.3282136529781,0.6850295117747075,0.010000000000000009,0.85,22987,22988.0,1.0,4.3500957021054466e-05
Two Means (A/B),342.8458464014363,8.75484456896968,0.010000000000000009,0.9,134,135.0,1.0,0.007407407407407408
Two Means (A/B),126.08648166019663,3.9586179355222715,0.050000000000000044,0.85,145,146.0,1.0,0.00684931506849315
Two Means (A/B),152.0286723155798,3.877958204685281,0.050000000000000044,0.9,213,214.0,1.0,0.004672897196261682
Two Means (A/B),235.74250816971173,8.043307858676716,0.010000000000000009,0.95,130,132.0,2.0,0.015151515151515152
Two Means (A/B),58.10004002534674,4.272296011634549,0.050000000000000044,0.85,58,59.0,1.0,0.01694915254237288
Two Means (A/B),484.8095348180592,1.3617941982864028,0.09999999999999998,0.9,4478,4479.0,1.0,0.00022326412145568208
Two Means (A/B),487.7493453014386,8.277786611499062,0.010000000000000009,0.8,167,168.0,1.0,0.005952380952380952
Two Means (A/B),427.7574092753451,9.819807063280214,0.050000000000000044,0.9,94,95.0,1.0,0.010526315789473684
Two Means (A/B),301.6331630731969,6.319557293586485,0.09999999999999998,0.95,164,165.0,1.0,0.006060606060606061
Two Means (A/B),335.79009765937343,4.553437858928337,0.050000000000000044,0.8,255,256.0,1.0,0.00390625
Two Means (A/B),293.31431449020965,1.055691254934864,0.050000000000000044,0.8,4132,4133.0,1.0,0.00024195499637067505
Two Means (A/B),55.58181632479165,4.740802858098608,0.09999999999999998,0.85,36,37.0,1.0,0.02702702702702703
Two Means (A/B),319.26086793399145,3.0426542963153103,0.010000000000000009,0.85,900,902.0,2.0,0.0022172949002217295
Two Means (A/B),384.4369394292215,0.5766140761856992,0.050000000000000044,0.8,18151,18152.0,1.0,5.509034817100044e-05
Two Means (A/B),198.68360174409824,3.4700178491606906,0.010000000000000009,0.9,492,493.0,1.0,0.002028397565922921
Two Means (A/B),85.53612298587288,2.4711506821044273,0.09999999999999998,0.95,304,304.0,0.0,0.0
Two Means (A/B),65.6016200269175,5.869787667326547,0.050000000000000044,0.85,35,36.0,1.0,0.027777777777777776
Two Means (A/B),308.0072055358481,6.6223681943866985,0.09999999999999998,0.9,121,121.0,0.0,0.0
Two Means (A/B),269.7685830423224,7.4019009160189855,0.09999999999999998,0.8,61,62.0,1.0,0.016129032258064516
Two Means (A/B),64.69055489555087,8.698659912570859,0.050000000000000044,0.95,23,24.0,1.0,0.041666666666666664
Two Means (A/B),480.12101767433853,0.348905386945,0.010000000000000009,0.9,117369,117370.0,1.0,8.520064752492119e-06
Two Means (A/B),86.99317867030175,9.115698136407882,0.050000000000000044,0.9,23,24.0,1.0,0.041666666666666664
Two Means (A/B),111.88569866765692,3.4740754279194817,0.09999999999999998,0.85,134,134.0,0.0,0.0
Two Means (A/B),323.1903104234393,6.349944775610688,0.09999999999999998,0.8,100,100.0,0.0,0.0
Two Means (A/B),337.82250252995686,6.796620987150083,0.050000000000000044,0.95,191,192.0,1.0,0.005208333333333333
Two Means (A/B),269.45018087956896,6.557020169500178,0.050000000000000044,0.95,163,164.0,1.0,0.006097560975609756
Two Means (A/B),320.29297994676017,7.461579770147942,0.09999999999999998,0.95,125,126.0,1.0,0.007936507936507936
Two Means (A/B),335.34681411934906,0.8022289397243569,0.09999999999999998,0.85,7493,7493.0,0.0,0.0
Two Means (A/B),212.83389194231242,4.777684214564484,0.050000000000000044,0.9,196,197.0,1.0,0.005076142131979695
Two Means (A/B),113.01084389899296,2.8404616471339272,0.09999999999999998,0.8,174,174.0,0.0,0.0
Two Means (A/B),199.10615319637284,4.872206475309617,0.050000000000000044,0.9,177,178.0,1.0,0.0056179775280898875
Two Means (A/B),251.36066359510602,4.795455362269479,0.09999999999999998,0.8,136,136.0,0.0,0.0
Two Means (A/B),291.65336975811124,8.555946376739993,0.09999999999999998,0.85,58,58.0,0.0,0.0
Two Means (A/B),424.9926821628556,8.454853664856069,0.09999999999999998,0.85,86,87.0,1.0,0.011494252873563218
Two Means (A/B),258.28337975713276,4.441531036520612,0.050000000000000044,0.85,236,237.0,1.0,0.004219409282700422
Two Means (A/B),182.06997044365474,9.324361822384882,0.09999999999999998,0.95,46,47.0,1.0,0.02127659574468085
Two Means (A/B),89.19174505809717,6.208958509566233,0.09999999999999998,0.9,40,41.0,1.0,0.024390243902439025
Two Means (A/B),445.938204812522,5.790317587217711,0.010000000000000009,0.8,311,313.0,2.0,0.006389776357827476
Two Means (A/B),353.9390933961901,0.5440503234333297,0.010000000000000009,0.8,27931,27933.0,2.0,7.159989976014034e-05
Two Means (A/B),468.2420125129013,1.7355189994447167,0.010000000000000009,0.95,5539,5541.0,2.0,0.00036094567767550983
Two Means (A/B),447.0163502426814,6.742335746950828,0.09999999999999998,0.95,213,214.0,1.0,0.004672897196261682
Two Means (A/B),353.5735338122973,3.0376036469304912,0.050000000000000044,0.9,806,807.0,1.0,0.0012391573729863693
Two Means (A/B),479.31490741326826,7.241795165952254,0.09999999999999998,0.9,157,158.0,1.0,0.006329113924050633
Two Means (A/B),50.94672942914754,7.203964034842785,0.010000000000000009,0.9,30,31.0,1.0,0.03225806451612903
Two Means (A/B),68.25143189510663,8.728817500153482,0.050000000000000044,0.85,17,18.0,1.0,0.05555555555555555
Two Means (A/B),349.38144589012484,8.023513302331725,0.050000000000000044,0.8,86,87.0,1.0,0.011494252873563218
Two Means (A/B),104.46125021833687,4.247583122856007,0.09999999999999998,0.8,72,73.0,1.0,0.0136986301369863
Two Means (A/B),231.90787833989413,3.2787028611617965,0.09999999999999998,0.9,370,371.0,1.0,0.0026954177897574125
Two Means (A/B),235.70389673752848,6.496352132550124,0.050000000000000044,0.85,101,102.0,1.0,0.00980392156862745
Two Means (A/B),449.617578962053,6.027054782959064,0.050000000000000044,0.85,223,224.0,1.0,0.004464285714285714
Two Means (A/B),112.49209687843265,1.2458023061191832,0.010000000000000009,0.95,2583,2585.0,2.0,0.0007736943907156673
Two Means (A/B),127.33181659719253,6.414983217369976,0.09999999999999998,0.85,45,46.0,1.0,0.021739130434782608
Two Means (A/B),288.49618531688844,8.307275552200363,0.050000000000000044,0.95,109,110.0,1.0,0.00909090909090909
Two Means (A/B),419.0056831037102,6.979335499391996,0.010000000000000009,0.9,256,258.0,2.0,0.007751937984496124
Two Means (A/B),268.70022220892133,5.814278878672053,0.050000000000000044,0.8,125,126.0,1.0,0.007936507936507936
Two Means (A/B),105.35148280568554,5.630559724859211,0.010000000000000009,0.8,78,80.0,2.0,0.025
Two Means (A/B),378.1280693972516,6.557687321060203,0.09999999999999998,0.85,127,128.0,1.0,0.0078125
Two Means (A/B),433.32855659327646,4.098588855284225,0.09999999999999998,0.9,442,443.0,1.0,0.002257336343115124
Two Means (A/B),294.1404658395131,8.631250699691124,0.050000000000000044,0.95,103,104.0,1.0,0.009615384615384616
Two Means (A/B),151.8255986964043,3.9039722393600753,0.010000000000000009,0.95,355,357.0,2.0,0.0056022408963585435
Two Means (A/B),310.6698592192371,7.6175751549508695,0.010000000000000009,0.95,191,193.0,2.0,0.010362694300518135
Two Means (A/B),450.34341485790486,0.22186605985914837,0.010000000000000009,0.8,213697,213698.0,1.0,4.679500978015705e-06
Two Means (A/B),62.339139487695945,3.9904448309183835,0.010000000000000009,0.85,103,104.0,1.0,0.009615384615384616
