Formula,Alpha,Power,p1,p2,User_n,Statsmodels_n,Difference,Rel_difference
Two Proportions (A/B),0.09999999999999998,0.95,0.09176149883238888,0.22661500698642906,154,153.0,1.0,0.006493506493506494
Two Proportions (A/B),0.010000000000000009,0.8,0.3833343418648835,0.6678612277230119,67,70.0,3.0,0.04285714285714286
Two Proportions (A/B),0.010000000000000009,0.9,0.2634472970400226,0.38333127767707875,446,450.0,4.0,0.008888888888888889
Two Proportions (A/B),0.010000000000000009,0.8,0.1990785064186068,0.4386773816043973,83,86.0,3.0,0.03488372093023256
Two Proportions (A/B),0.050000000000000044,0.95,0.05961735816142787,0.3152878101726255,55,54.0,1.0,0.01818181818181818
Two Proportions (A/B),0.09999999999999998,0.9,0.11676735158494515,0.41329778177006676,34,36.0,2.0,0.05555555555555555
Two Proportions (A/B),0.09999999999999998,0.85,0.34725437553231614,0.3980147361300408,1301,1304.0,3.0,0.0023006134969325155
Two Proportions (A/B),0.010000000000000009,0.8,0.02349299273603809,0.18007497693006855,82,73.0,9.0,0.10975609756097561
Two Proportions (A/B),0.050000000000000044,0.9,0.1982612893630421,0.21957013300976647,7644,7645.0,1.0,0.00013080444735120994
Two Proportions (A/B),0.050000000000000044,0.85,0.20011351237396605,0.25652074394829233,990,991.0,1.0,0.0010090817356205853
Two Proportions (A/B),0.050000000000000044,0.85,0.38054467083558663,0.5235163434113349,214,217.0,3.0,0.013824884792626729
Two Proportions (A/B),0.050000000000000044,0.95,0.45104075967807555,0.49472105813622796,3389,3394.0,5.0,0.0014731879787860931
Two Proportions (A/B),0.050000000000000044,0.95,0.16384369151490288,0.4314807564844204,70,73.0,3.0,0.0410958904109589
Two Proportions (A/B),0.010000000000000009,0.9,0.27723674939696824,0.31281524349603074,4883,4886.0,3.0,0.0006139991813344249
Two Proportions (A/B),0.050000000000000044,0.95,0.08427630350624117,0.10324822047833035,6129,6121.0,8.0,0.0013052700277369881
Two Proportions (A/B),0.09999999999999998,0.85,0.4902534062827458,0.638838156209196,157,159.0,2.0,0.012578616352201259
Two Proportions (A/B),0.010000000000000009,0.9,0.09248510840037381,0.17408826213397363,509,505.0,4.0,0.007858546168958742
Two Proportions (A/B),0.09999999999999998,0.9,0.18453096708762112,0.43430730948858265,55,57.0,2.0,0.03508771929824561
Two Proportions (A/B),0.010000000000000009,0.95,0.0968137533832141,0.2539731995579393,200,199.0,1.0,0.005
Two Proportions (A/B),0.010000000000000009,0.8,0.1251682352538743,0.3760679033046965,64,66.0,2.0,0.030303030303030304
Two Proportions (A/B),0.010000000000000009,0.8,0.29442912448691105,0.3447961678771627,1997,2000.0,3.0,0.0015
Two Proportions (A/B),0.010000000000000009,0.8,0.3168548174963213,0.4686351887161322,236,240.0,4.0,0.016666666666666666
Two Proportions (A/B),0.050000000000000044,0.8,0.4969857105608521,0.7622769915840409,49,51.0,2.0,0.0392156862745098
Two Proportions (A/B),0.010000000000000009,0.8,0.3983354820618304,0.542154680509151,276,280.0,4.0,0.014285714285714285
Two Proportions (A/B),0.09999999999999998,0.95,0.08251223220925903,0.3397539889607095,50,50.0,0.0,0.0
Two Proportions (A/B),0.010000000000000009,0.8,0.4544019763290686,0.5027899662492106,2484,2488.0,4.0,0.001607717041800643
Two Proportions (A/B),0.010000000000000009,0.95,0.30356908666975935,0.41607270142832625,640,645.0,5.0,0.007751937984496124
Two Proportions (A/B),0.010000000000000009,0.95,0.0286109660120282,0.25491037721386167,76,70.0,6.0,0.07894736842105263
Two Proportions (A/B),0.09999999999999998,0.85,0.03829311541589515,0.24571232437443594,38,35.0,3.0,0.07894736842105263
Two Proportions (A/B),0.010000000000000009,0.9,0.02688601711825,0.31807225790419763,43,40.0,3.0,0.06976744186046512
Two Proportions (A/B),0.050000000000000044,0.9,0.2613221839121268,0.29848718591684076,3062,3064.0,2.0,0.0006527415143603133
Two Proportions (A/B),0.010000000000000009,0.8,0.15819926436179615,0.3107105358450776,175,176.0,1.0,0.005681818181818182
Two Proportions (A/B),0.010000000000000009,0.9,0.2857287325209462,0.42368360948099093,351,355.0,4.0,0.011267605633802818
Two Proportions (A/B),0.09999999999999998,0.9,0.4601800081971249,0.5752377534557164,319,322.0,3.0,0.009316770186335404
Two Proportions (A/B),0.010000000000000009,0.9,0.4482817528438738,0.5905157428142555,360,365.0,5.0,0.0136986301369863
Two Proportions (A/B),0.09999999999999998,0.9,0.38461861938081165,0.5609420153029279,134,136.0,2.0,0.014705882352941176
Two Proportions (A/B),0.09999999999999998,0.8,0.10823251260891736,0.14991913359870757,797,796.0,1.0,0.0012547051442910915
Two Proportions (A/B),0.010000000000000009,0.9,0.32369717266421566,0.4202432972491599,739,743.0,4.0,0.005383580080753701
Two Proportions (A/B),0.09999999999999998,0.9,0.4428977338631697,0.5829102599203022,214,217.0,3.0,0.013824884792626729
Two Proportions (A/B),0.050000000000000044,0.95,0.317030330435673,0.5956812863873981,77,81.0,4.0,0.04938271604938271
Two Proportions (A/B),0.010000000000000009,0.85,0.4653361250235423,0.48419546758062254,18290,18295.0,5.0,0.00027329871549603714
Two Proportions (A/B),0.09999999999999998,0.95,0.2683408286115021,0.4617786205015922,129,132.0,3.0,0.022727272727272728
Two Proportions (A/B),0.010000000000000009,0.95,0.4117009244425165,0.5183890478686586,770,776.0,6.0,0.007731958762886598
Two Proportions (A/B),0.010000000000000009,0.9,0.26900327376387656,0.5090875379124273,116,120.0,4.0,0.03333333333333333
Two Proportions (A/B),0.010000000000000009,0.85,0.108318998527843,0.40676710458024234,50,52.0,2.0,0.038461538461538464
Two Proportions (A/B),0.09999999999999998,0.8,0.01701448605685939,0.2409966464397031,25,22.0,3.0,0.12
Two Proportions (A/B),0.09999999999999998,0.95,0.37283330465722436,0.42425988797446756,1957,1960.0,3.0,0.001530612244897959
Two Proportions (A/B),0.010000000000000009,0.85,0.33268485267832687,0.5648584731890469,114,118.0,4.0,0.03389830508474576
Two Proportions (A/B),0.050000000000000044,0.85,0.0611580235765599,0.1868970781179396,119,116.0,3.0,0.025210084033613446
Two Proportions (A/B),0.010000000000000009,0.85,0.14736388578784523,0.3567117313873541,106,108.0,2.0,0.018518518518518517
Two Proportions (A/B),0.050000000000000044,0.95,0.16000729703100067,0.3292550945513807,162,164.0,2.0,0.012195121951219513
Two Proportions (A/B),0.09999999999999998,0.8,0.2927499255863363,0.5050992456476309,63,65.0,2.0,0.03076923076923077
Two Proportions (A/B),0.050000000000000044,0.95,0.05946118798898553,0.32145502114993757,52,52.0,0.0,0.0
Two Proportions (A/B),0.050000000000000044,0.95,0.06533650491614554,0.31953809176173353,57,56.0,1.0,0.017543859649122806
Two Proportions (A/B),0.010000000000000009,0.9,0.08114629131348354,0.29707820767577847,91,90.0,1.0,0.01098901098901099
Two Proportions (A/B),0.010000000000000009,0.85,0.12386831829746343,0.21535962298099037,433,432.0,1.0,0.0023094688221709007
Two Proportions (A/B),0.050000000000000044,0.8,0.08464149883762237,0.17183022246712823,227,225.0,2.0,0.00881057268722467
Two Proportions (A/B),0.09999999999999998,0.8,0.2957961713034966,0.5500430877432415,44,46.0,2.0,0.043478260869565216
Two Proportions (A/B),0.010000000000000009,0.8,0.1174442413426991,0.13720830302472217,6639,6636.0,3.0,0.00045187528242205153
Two Proportions (A/B),0.010000000000000009,0.8,0.21389949975483524,0.4441868140777762,92,95.0,3.0,0.031578947368421054
Two Proportions (A/B),0.050000000000000044,0.85,0.36269781214379615,0.6241085179658423,62,65.0,3.0,0.046153846153846156
Two Proportions (A/B),0.050000000000000044,0.85,0.4125016759048707,0.5833523068350484,150,153.0,3.0,0.0196078431372549
Two Proportions (A/B),0.09999999999999998,0.95,0.23695463120815746,0.3150041293231538,705,707.0,2.0,0.002828854314002829
Two Proportions (A/B),0.09999999999999998,0.9,0.1520853582823684,0.3254391482589747,100,101.0,1.0,0.009900990099009901
Two Proportions (A/B),0.010000000000000009,0.9,0.3899196136975364,0.4786283340270836,922,927.0,5.0,0.005393743257820928
Two Proportions (A/B),0.050000000000000044,0.9,0.1492943055344832,0.19810453080439422,1261,1261.0,0.0,0.0
Two Proportions (A/B),0.010000000000000009,0.8,0.036622697063222874,0.26372981495982084,52,49.0,3.0,0.057692307692307696
Two Proportions (A/B),0.050000000000000044,0.85,0.010065999572197807,0.16829344995099443,54,44.0,10.0,0.18518518518518517
Two Proportions (A/B),0.010000000000000009,0.95,0.14532308333224073,0.3603462646943984,137,140.0,3.0,0.02142857142857143
Two Proportions (A/B),0.09999999999999998,0.95,0.4212758612544411,0.4323836388254302,42912,42915.0,3.0,6.990562740300595e-05
Two Proportions (A/B),0.010000000000000009,0.8,0.373042987514515,0.4747613309360139,546,550.0,4.0,0.007272727272727273
Two Proportions (A/B),0.010000000000000009,0.85,0.18651462021220966,0.27492867326372206,587,588.0,1.0,0.0017006802721088435
Two Proportions (A/B),0.010000000000000009,0.9,0.16354047961672014,0.40233089643176223,99,102.0,3.0,0.029411764705882353
Two Proportions (A/B),0.010000000000000009,0.8,0.22257053559249945,0.4964540473102731,66,70.0,4.0,0.05714285714285714
Two Proportions (A/B),0.09999999999999998,0.8,0.06685111386060295,0.0891157211351805,1791,1785.0,6.0,0.0033500837520938024
Two Proportions (A/B),0.010000000000000009,0.85,0.46578377306482804,0.7206158967625154,91,95.0,4.0,0.042105263157894736
Two Proportions (A/B),0.010000000000000009,0.8,0.07816676595663288,0.1618938672437546,347,342.0,5.0,0.01440922190201729
Two Proportions (A/B),0.010000000000000009,0.8,0.09957554596188123,0.19032297435450723,346,344.0,2.0,0.005780346820809248
Two Proportions (A/B),0.09999999999999998,0.8,0.34129303339306144,0.6250479019483922,36,38.0,2.0,0.05263157894736842
Two Proportions (A/B),0.09999999999999998,0.85,0.2429492378465361,0.43690776236278533,83,85.0,2.0,0.023529411764705882
Two Proportions (A/B),0.010000000000000009,0.95,0.06135595184881033,0.21594148370546595,170,165.0,5.0,0.029411764705882353
Two Proportions (A/B),0.050000000000000044,0.95,0.434251880958954,0.5822825229523342,290,295.0,5.0,0.01694915254237288
Two Proportions (A/B),0.010000000000000009,0.8,0.19066651372374965,0.30791235796003086,313,315.0,2.0,0.006349206349206349
Two Proportions (A/B),0.010000000000000009,0.85,0.10115127000277616,0.2712513857522557,131,130.0,1.0,0.007633587786259542
Two Proportions (A/B),0.010000000000000009,0.85,0.11387708680234244,0.3145095966316797,103,104.0,1.0,0.009615384615384616
Two Proportions (A/B),0.09999999999999998,0.9,0.44127680158152766,0.5138415985426994,808,811.0,3.0,0.0036991368680641184
Two Proportions (A/B),0.010000000000000009,0.95,0.30779853990383405,0.40343596839966556,884,889.0,5.0,0.00562429696287964
Two Proportions (A/B),0.09999999999999998,0.95,0.371912754484842,0.4734446841762135,507,511.0,4.0,0.007827788649706457
Two Proportions (A/B),0.09999999999999998,0.95,0.3594713728084827,0.42724380252775807,1120,1123.0,3.0,0.0026714158504007124
Two Proportions (A/B),0.09999999999999998,0.85,0.031073406414800345,0.23446473797456763,37,34.0,3.0,0.08108108108108109
Two Proportions (A/B),0.010000000000000009,0.8,0.39318751411715397,0.5608911751983627,202,206.0,4.0,0.019417475728155338
Two Proportions (A/B),0.050000000000000044,0.95,0.34714177747964675,0.42728955371034905,954,958.0,4.0,0.0041753653444676405
Two Proportions (A/B),0.050000000000000044,0.85,0.4207500261773954,0.6364710866327388,92,95.0,3.0,0.031578947368421054
Two Proportions (A/B),0.050000000000000044,0.8,0.025396692540523735,0.2488948158081447,34,30.0,4.0,0.11764705882352941
Two Proportions (A/B),0.09999999999999998,0.9,0.45397228398631895,0.5413080910182925,558,560.0,2.0,0.0035714285714285713
Two Proportions (A/B),0.050000000000000044,0.85,0.44004703962888286,0.46212751695986076,9116,9119.0,3.0,0.0003289834411667946
Two Proportions (A/B),0.010000000000000009,0.8,0.38353142569074994,0.5254579036479502,282,286.0,4.0,0.013986013986013986
Two Proportions (A/B),0.010000000000000009,0.85,0.2654350633505281,0.5584790721015,68,72.0,4.0,0.05555555555555555
Two Proportions (A/B),0.050000000000000044,0.8,0.01830435579589469,0.2516502372054525,30,26.0,4.0,0.13333333333333333
Two Proportions (A/B),0.09999999999999998,0.8,0.06890154226908236,0.15592056382707814,160,157.0,3.0,0.01875
Two Proportions (A/B),0.09999999999999998,0.85,0.388839518220149,0.5490480712567969,136,139.0,3.0,0.02158273381294964
Two Proportions (A/B),0.09999999999999998,0.95,0.2896183157016581,0.4643651442796396,162,165.0,3.0,0.01818181818181818
Two Proportions (A/B),0.010000000000000009,0.8,0.27870719773587044,0.543691181041322,75,79.0,4.0,0.05063291139240506
Two Proportions (A/B),0.010000000000000009,0.8,0.27801199317198017,0.5286432980553972,84,88.0,4.0,0.045454545454545456
Two Proportions (A/B),0.010000000000000009,0.95,0.1526606814147377,0.22271820768594336,1098,1098.0,0.0,0.0
Two Proportions (A/B),0.09999999999999998,0.85,0.4507330541475898,0.6666723293690289,73,75.0,2.0,0.02666666666666667
Two Proportions (A/B),0.010000000000000009,0.95,0.30561298480032206,0.45289924043384666,378,384.0,6.0,0.015625
Two Proportions (A/B),0.09999999999999998,0.9,0.0383437802291087,0.3261028225156878,27,26.0,1.0,0.037037037037037035
Two Proportions (A/B),0.050000000000000044,0.9,0.3947428761427201,0.6922279675963441,54,58.0,4.0,0.06896551724137931
Two Proportions (A/B),0.09999999999999998,0.8,0.48175649162407097,0.5136819534029287,3030,3032.0,2.0,0.0006596306068601583
Two Proportions (A/B),0.050000000000000044,0.8,0.12043682132331526,0.18722841572225357,455,454.0,1.0,0.002197802197802198
Two Proportions (A/B),0.09999999999999998,0.9,0.31498268436733834,0.5515660225340568,71,74.0,3.0,0.04054054054054054
Two Proportions (A/B),0.010000000000000009,0.9,0.08201172769822274,0.3272376209789293,74,74.0,0.0,0.0
Two Proportions (A/B),0.09999999999999998,0.9,0.34032384481267086,0.4256962887930924,552,554.0,2.0,0.0036101083032490976
Two Proportions (A/B),0.09999999999999998,0.9,0.4595680631346752,0.5538143697793871,478,481.0,3.0,0.006237006237006237
Two Proportions (A/B),0.050000000000000044,0.8,0.03970817377256941,0.24980809759216296,41,38.0,3.0,0.07317073170731707
Two Proportions (A/B),0.09999999999999998,0.9,0.4659973343748031,0.6202179437638051,175,178.0,3.0,0.016853932584269662
Two Proportions (A/B),0.050000000000000044,0.9,0.03183627348985278,0.16237250762876543,103,95.0,8.0,0.07766990291262135
Two Proportions (A/B),0.050000000000000044,0.8,0.382933269951699,0.4956709217556025,301,303.0,2.0,0.006600660066006601
Two Proportions (A/B),0.050000000000000044,0.85,0.48153199946401426,0.6715954906271495,117,120.0,3.0,0.025
Two Proportions (A/B),0.050000000000000044,0.8,0.3828186288121029,0.5514079246948895,134,137.0,3.0,0.021897810218978103
Two Proportions (A/B),0.050000000000000044,0.8,0.23471299232178158,0.4073665866969407,111,113.0,2.0,0.017699115044247787
Two Proportions (A/B),0.09999999999999998,0.8,0.24585335450247578,0.5161790095790831,37,39.0,2.0,0.05128205128205128
Two Proportions (A/B),0.010000000000000009,0.9,0.49078433929041676,0.7307957727494712,116,120.0,4.0,0.03333333333333333
Two Proportions (A/B),0.010000000000000009,0.95,0.12856879385535222,0.4171506167541801,76,80.0,4.0,0.05
Two Proportions (A/B),0.050000000000000044,0.85,0.497461454043316,0.7138610677096702,88,90.0,2.0,0.022222222222222223
Two Proportions (A/B),0.09999999999999998,0.85,0.28907449198788077,0.374341609108947,435,437.0,2.0,0.004576659038901602
Two Proportions (A/B),0.050000000000000044,0.85,0.3008448583356051,0.3320385113234394,3988,3990.0,2.0,0.0005012531328320802
Two Proportions (A/B),0.010000000000000009,0.8,0.4907771400135243,0.5559083584508053,1368,1372.0,4.0,0.0029154518950437317
Two Proportions (A/B),0.010000000000000009,0.9,0.45487040895201347,0.7385438708698775,82,87.0,5.0,0.05747126436781609
Two Proportions (A/B),0.010000000000000009,0.95,0.26551522297352126,0.5589345162910573,92,97.0,5.0,0.05154639175257732
Two Proportions (A/B),0.010000000000000009,0.85,0.08921900375611133,0.2375200346318226,156,155.0,1.0,0.00641025641025641
Two Proportions (A/B),0.010000000000000009,0.95,0.3239014399389548,0.5272155788624744,202,208.0,6.0,0.028846153846153848
Two Proportions (A/B),0.050000000000000044,0.95,0.2868918031018506,0.5206636072856468,108,113.0,5.0,0.04424778761061947
Two Proportions (A/B),0.09999999999999998,0.95,0.015930527220292638,0.02855168325328737,2950,2895.0,55.0,0.01864406779661017
Two Proportions (A/B),0.010000000000000009,0.8,0.46383509353157315,0.5401513596166196,997,1001.0,4.0,0.003996003996003996
Two Proportions (A/B),0.050000000000000044,0.9,0.11881717663972709,0.2221014736409962,274,273.0,1.0,0.0036496350364963502
Two Proportions (A/B),0.09999999999999998,0.9,0.367142106712274,0.40480789713310505,2857,2860.0,3.0,0.001048951048951049
Two Proportions (A/B),0.09999999999999998,0.8,0.024293184186179588,0.1737513267010522,47,42.0,5.0,0.10638297872340426
Two Proportions (A/B),0.010000000000000009,0.9,0.06806628556309426,0.1618429178467523,337,331.0,6.0,0.017804154302670624
Two Proportions (A/B),0.09999999999999998,0.8,0.47787502658884934,0.6313308315703214,127,129.0,2.0,0.015503875968992248
Two Proportions (A/B),0.09999999999999998,0.85,0.2459591767351686,0.4402378339764301,83,85.0,2.0,0.023529411764705882
Two Proportions (A/B),0.010000000000000009,0.85,0.46002895175125025,0.7457982441569893,70,74.0,4.0,0.05405405405405406
Two Proportions (A/B),0.09999999999999998,0.95,0.18498936805724636,0.4233786029562923,76,78.0,2.0,0.02564102564102564
Two Proportions (A/B),0.09999999999999998,0.85,0.29118221451121157,0.4217073443243389,191,193.0,2.0,0.010362694300518135
Two Proportions (A/B),0.010000000000000009,0.85,0.45209583769649664,0.716528965236022,85,89.0,4.0,0.0449438202247191
Two Proportions (A/B),0.09999999999999998,0.85,0.42150991945131017,0.6495238496326472,66,68.0,2.0,0.029411764705882353
Two Proportions (A/B),0.09999999999999998,0.8,0.4785968457598885,0.5315684449465726,1099,1101.0,2.0,0.0018165304268846503
Two Proportions (A/B),0.010000000000000009,0.95,0.4757249935818949,0.654395458548761,266,272.0,6.0,0.022058823529411766
Two Proportions (A/B),0.050000000000000044,0.9,0.29424352898803274,0.4540860607036504,188,191.0,3.0,0.015706806282722512
Two Proportions (A/B),0.010000000000000009,0.9,0.1484230723266976,0.2608076858907853,377,377.0,0.0,0.0
Two Proportions (A/B),0.09999999999999998,0.85,0.4737636914436987,0.7426055774147763,44,46.0,2.0,0.043478260869565216
Two Proportions (A/B),0.010000000000000009,0.85,0.392379096473372,0.5405164591306906,290,294.0,4.0,0.013605442176870748
Two Proportions (A/B),0.09999999999999998,0.95,0.11029325343806913,0.2917210413830389,101,101.0,0.0,0.0
Two Proportions (A/B),0.050000000000000044,0.8,0.17246670254292495,0.4304254610127061,46,48.0,2.0,0.041666666666666664
Two Proportions (A/B),0.010000000000000009,0.8,0.18853357682983368,0.2841536995518299,456,457.0,1.0,0.002188183807439825
Two Proportions (A/B),0.010000000000000009,0.95,0.23540117383459147,0.27296655703907236,4778,4781.0,3.0,0.0006274837900020916
Two Proportions (A/B),0.09999999999999998,0.95,0.03334421614388824,0.2541014911526652,50,46.0,4.0,0.08
Two Proportions (A/B),0.050000000000000044,0.8,0.1827752769051405,0.43196375522569863,50,52.0,2.0,0.038461538461538464
Two Proportions (A/B),0.010000000000000009,0.8,0.23701389010367044,0.2601808417295913,8124,8126.0,2.0,0.0002461235540241201
Two Proportions (A/B),0.050000000000000044,0.8,0.028409834295464616,0.07549120664996571,345,331.0,14.0,0.04057971014492753
Two Proportions (A/B),0.050000000000000044,0.85,0.01000570103012941,0.14080979128999413,69,56.0,13.0,0.18840579710144928
Two Proportions (A/B),0.010000000000000009,0.9,0.03677086580047642,0.32896353306245296,45,43.0,2.0,0.044444444444444446
Two Proportions (A/B),0.010000000000000009,0.95,0.15905737262177763,0.25720070117573557,601,602.0,1.0,0.0016611295681063123
Two Proportions (A/B),0.050000000000000044,0.9,0.010722172822292594,0.23223216310781153,41,33.0,8.0,0.1951219512195122
Two Proportions (A/B),0.09999999999999998,0.8,0.334893123983677,0.5600430588017044,58,60.0,2.0,0.03333333333333333
Two Proportions (A/B),0.050000000000000044,0.8,0.21708830653666847,0.3149382691723929,317,318.0,1.0,0.0031446540880503146
Two Proportions (A/B),0.050000000000000044,0.8,0.3591844532182713,0.6060504985049058,61,63.0,2.0,0.031746031746031744
Two Proportions (A/B),0.050000000000000044,0.95,0.19176109399730495,0.4633237510545585,72,75.0,3.0,0.04
Two Proportions (A/B),0.09999999999999998,0.85,0.49258061735361314,0.7213126126614166,62,65.0,3.0,0.046153846153846156
Two Proportions (A/B),0.010000000000000009,0.9,0.2994125386573725,0.5011066723890953,169,173.0,4.0,0.023121387283236993
Two Proportions (A/B),0.010000000000000009,0.85,0.27680350996089387,0.49250655021795064,127,131.0,4.0,0.030534351145038167
Two Proportions (A/B),0.010000000000000009,0.95,0.392509541538523,0.5718036478876154,268,274.0,6.0,0.021897810218978103
Two Proportions (A/B),0.010000000000000009,0.8,0.030786926121376932,0.11773150601246235,207,194.0,13.0,0.06280193236714976
Two Proportions (A/B),0.09999999999999998,0.8,0.0736712724112912,0.24609786466987588,53,52.0,1.0,0.018867924528301886
Two Proportions (A/B),0.09999999999999998,0.8,0.3571599517714707,0.41706582826709593,815,817.0,2.0,0.0024479804161566705
Two Proportions (A/B),0.010000000000000009,0.95,0.22991868641583693,0.2860359375005127,2157,2161.0,4.0,0.0018509949097639982
Two Proportions (A/B),0.010000000000000009,0.9,0.05813514617264944,0.30115539761878035,67,66.0,1.0,0.014925373134328358
Two Proportions (A/B),0.09999999999999998,0.8,0.071311375999456,0.3279481442800989,27,27.0,0.0,0.0
Two Proportions (A/B),0.09999999999999998,0.8,0.0251203731109555,0.05017000997129466,711,695.0,16.0,0.02250351617440225
Two Proportions (A/B),0.09999999999999998,0.9,0.11456274050808787,0.3174551368372254,67,67.0,0.0,0.0
Two Proportions (A/B),0.010000000000000009,0.8,0.06824845167676527,0.3000170027048862,60,59.0,1.0,0.016666666666666666
Two Proportions (A/B),0.010000000000000009,0.85,0.47407442688317436,0.6279894652190592,267,271.0,4.0,0.014760147601476014
Two Proportions (A/B),0.050000000000000044,0.8,0.08988731509647958,0.3278869542521864,42,43.0,1.0,0.023255813953488372
Two Proportions (A/B),0.050000000000000044,0.85,0.022344772840022387,0.2756539978782455,31,28.0,3.0,0.0967741935483871
Two Proportions (A/B),0.010000000000000009,0.95,0.3117968386815934,0.56634748505315,127,133.0,6.0,0.045112781954887216
Two Proportions (A/B),0.050000000000000044,0.8,0.2839005107088893,0.43921599598492644,147,149.0,2.0,0.013422818791946308
Two Proportions (A/B),0.09999999999999998,0.8,0.2718023704279011,0.43861539489650136,99,101.0,2.0,0.019801980198019802
Two Proportions (A/B),0.09999999999999998,0.95,0.161328867763597,0.31118553252673276,169,170.0,1.0,0.0058823529411764705
Two Proportions (A/B),0.010000000000000009,0.9,0.4020017060642039,0.572286758022582,249,254.0,5.0,0.01968503937007874
Two Proportions (A/B),0.010000000000000009,0.85,0.4339949218653671,0.48960415223748455,2091,2096.0,5.0,0.002385496183206107
Two Proportions (A/B),0.09999999999999998,0.95,0.4369928767535186,0.642076745074099,123,126.0,3.0,0.023809523809523808
Two Proportions (A/B),0.010000000000000009,0.85,0.1327292704083245,0.3239427592943542,120,121.0,1.0,0.008264462809917356
Two Proportions (A/B),0.050000000000000044,0.95,0.4180868846262528,0.6908521321658183,80,85.0,5.0,0.058823529411764705
Two Proportions (A/B),0.09999999999999998,0.95,0.3402697603388084,0.36530214208352985,7882,7885.0,3.0,0.0003804692454026633
Two Proportions (A/B),0.010000000000000009,0.95,0.1509400372314023,0.24990525109282324,575,575.0,0.0,0.0
Two Proportions (A/B),0.09999999999999998,0.95,0.31443330003430897,0.42130779007825203,436,439.0,3.0,0.00683371298405467
Two Proportions (A/B),0.010000000000000009,0.8,0.20821841893119614,0.23804084702108413,4547,4549.0,2.0,0.00043965706748735987
Two Proportions (A/B),0.010000000000000009,0.85,0.15002157905042593,0.28552397413421204,236,237.0,1.0,0.004219409282700422
Two Proportions (A/B),0.010000000000000009,0.9,0.17290351700286888,0.1993133572854164,6456,6456.0,0.0,0.0
Two Proportions (A/B),0.050000000000000044,0.9,0.47277980552020865,0.6688827807367905,129,132.0,3.0,0.022727272727272728
Two Proportions (A/B),0.010000000000000009,0.95,0.3198182552824435,0.3875259755806802,1768,1773.0,5.0,0.0028200789622109417
Two Proportions (A/B),0.09999999999999998,0.95,0.37796050119802593,0.4173586414884421,3335,3338.0,3.0,0.0008987417615338526
Two Proportions (A/B),0.09999999999999998,0.95,0.14539636314826826,0.280681852150675,193,194.0,1.0,0.005154639175257732
Two Proportions (A/B),0.09999999999999998,0.85,0.04307624787507275,0.20349953624544528,57,54.0,3.0,0.05263157894736842
Two Proportions (A/B),0.050000000000000044,0.8,0.48563150725077464,0.5284895236217393,2133,2135.0,2.0,0.000936768149882904
Two Proportions (A/B),0.09999999999999998,0.8,0.371563642568957,0.5858844266969161,65,67.0,2.0,0.029850746268656716
Two Proportions (A/B),0.010000000000000009,0.9,0.17979684229683193,0.3051044320771644,341,343.0,2.0,0.0058309037900874635
Two Proportions (A/B),0.050000000000000044,0.95,0.1106131399663319,0.26069465225841,168,168.0,0.0,0.0
Two Proportions (A/B),0.050000000000000044,0.9,0.2793070715800708,0.4893429378620259,108,111.0,3.0,0.02702702702702703
Two Proportions (A/B),0.010000000000000009,0.85,0.301726234016716,0.36163830883532155,1606,1609.0,3.0,0.0018645121193287756
Two Proportions (A/B),0.010000000000000009,0.95,0.04348371137434606,0.1782923887846761,185,175.0,10.0,0.05405405405405406
Two Proportions (A/B),0.09999999999999998,0.85,0.055126674084122154,0.22560658876086725,57,55.0,2.0,0.03508771929824561
Two Proportions (A/B),0.010000000000000009,0.85,0.35485823238534875,0.4731035785795488,447,451.0,4.0,0.008869179600886918
Two Proportions (A/B),0.050000000000000044,0.8,0.23083637272006743,0.4357326239582209,80,82.0,2.0,0.024390243902439025
Two Proportions (A/B),0.050000000000000044,0.8,0.2676205475839761,0.3499826139670682,491,492.0,1.0,0.0020325203252032522
Two Proportions (A/B),0.09999999999999998,0.85,0.09530002090260034,0.13924917291560923,768,765.0,3.0,0.00390625
Two Proportions (A/B),0.010000000000000009,0.95,0.31000649387330387,0.3818011463918982,1555,1560.0,5.0,0.003205128205128205
Two Proportions (A/B),0.050000000000000044,0.85,0.013274243319705012,0.24724153771765442,33,28.0,5.0,0.15151515151515152
Two Proportions (A/B),0.09999999999999998,0.8,0.34325482386901657,0.471618814220359,179,181.0,2.0,0.011049723756906077
Two Proportions (A/B),0.010000000000000009,0.8,0.2956337678340889,0.3790332141961754,745,749.0,4.0,0.0053404539385847796
Two Proportions (A/B),0.050000000000000044,0.85,0.118037009801919,0.33849752380750897,61,62.0,1.0,0.016129032258064516
Two Proportions (A/B),0.050000000000000044,0.8,0.3723100326173428,0.4445637131693785,723,726.0,3.0,0.004132231404958678
Two Proportions (A/B),0.050000000000000044,0.9,0.2540397925978658,0.4794590353206975,91,94.0,3.0,0.031914893617021274
Two Proportions (A/B),0.09999999999999998,0.95,0.44612794247797377,0.4805753237152654,4531,4534.0,3.0,0.0006616674018526688
Two Proportions (A/B),0.010000000000000009,0.8,0.4320466166493945,0.6790497869457726,89,93.0,4.0,0.043010752688172046
Two Proportions (A/B),0.09999999999999998,0.9,0.22480864021507305,0.5237247033072873,41,44.0,3.0,0.06818181818181818
Two Proportions (A/B),0.09999999999999998,0.95,0.3224672409790084,0.40265364417346283,773,776.0,3.0,0.003865979381443299
Two Proportions (A/B),0.010000000000000009,0.95,0.33045710524650257,0.5777842795260903,136,142.0,6.0,0.04225352112676056
Two Proportions (A/B),0.09999999999999998,0.8,0.4566454337294051,0.4752016097215148,8933,8935.0,2.0,0.0002238388360380526
Two Proportions (A/B),0.050000000000000044,0.95,0.017748466154151415,0.05012056503063016,807,765.0,42.0,0.05204460966542751
Two Proportions (A/B),0.050000000000000044,0.85,0.18388180706561244,0.3170655508888778,186,188.0,2.0,0.010638297872340425
Two Proportions (A/B),0.050000000000000044,0.95,0.30257692739149267,0.48506985964805166,180,184.0,4.0,0.021739130434782608
Two Proportions (A/B),0.010000000000000009,0.9,0.1731870871846452,0.43982673655701565,82,85.0,3.0,0.03529411764705882
Two Proportions (A/B),0.050000000000000044,0.9,0.25181548615566,0.3439738672588899,513,515.0,2.0,0.003883495145631068
Two Proportions (A/B),0.010000000000000009,0.85,0.31222396784774514,0.5376596010114474,119,124.0,5.0,0.04032258064516129
Two Proportions (A/B),0.09999999999999998,0.8,0.1528329130526242,0.3863482470152342,42,43.0,1.0,0.023255813953488372
Two Proportions (A/B),0.010000000000000009,0.8,0.11104652849122854,0.3529649700410383,66,67.0,1.0,0.014925373134328358
Two Proportions (A/B),0.09999999999999998,0.8,0.4339447402249274,0.7093693238510961,37,39.0,2.0,0.05128205128205128
Two Proportions (A/B),0.050000000000000044,0.8,0.02715387825533477,0.2654921483068154,31,28.0,3.0,0.0967741935483871
Two Proportions (A/B),0.050000000000000044,0.85,0.43812423088929026,0.6331309670678644,113,116.0,3.0,0.02586206896551724
Two Proportions (A/B),0.010000000000000009,0.8,0.2547215672347493,0.4198789635684398,186,189.0,3.0,0.015873015873015872
Two Proportions (A/B),0.010000000000000009,0.85,0.39415380575778414,0.5257767931412058,368,372.0,4.0,0.010752688172043012
Two Proportions (A/B),0.09999999999999998,0.95,0.3946978799068967,0.578363045929934,155,159.0,4.0,0.025157232704402517
Two Proportions (A/B),0.010000000000000009,0.85,0.2992140029839374,0.4274275317980376,361,365.0,4.0,0.010958904109589041
Two Proportions (A/B),0.09999999999999998,0.9,0.023872524457307216,0.09478103581702887,186,172.0,14.0,0.07526881720430108
Two Proportions (A/B),0.09999999999999998,0.8,0.3593504038508148,0.37268322110726826,16139,16139.0,0.0,0.0
Two Proportions (A/B),0.09999999999999998,0.8,0.46277316650860906,0.5052185453078549,1711,1713.0,2.0,0.0011675423234092236
Two Proportions (A/B),0.050000000000000044,0.9,0.39539596737151506,0.6787300465523489,60,64.0,4.0,0.0625
Two Proportions (A/B),0.010000000000000009,0.9,0.363077118835759,0.6127586649925301,112,117.0,5.0,0.042735042735042736
